{
	"format_version": "1.21.11",
	"credit": "Made with Blockbench",
	"texture_size": [64, 64],
	"textures": {
		"1": "ksepsp:item/old/gravitygun",
		"particle": "ksepsp:item/old/gravitygun"
	},
	"elements": [
		{
			"from": [8, 14, -11.75],
			"to": [8, 18.5, -2.75],
			"rotation": {"angle": 0, "axis": "y", "origin": [9.5, 14, -2.75]},
			"faces": {
				"east": {"uv": [13.5, 6.25, 9, 8.5], "texture": "#1"},
				"west": {"uv": [9, 6.25, 13.5, 8.5], "texture": "#1"}
			}
		},
		{
			"from": [1.75, 10.5, -11.75],
			"to": [6.25, 10.5, -2.75],
			"rotation": {"angle": 45, "axis": "z", "origin": [6.25, 10.5, -4.75]},
			"faces": {
				"up": {"uv": [9, 8.5, 13.5, 6.25], "rotation": 90, "texture": "#1"},
				"down": {"uv": [13.5, 8.5, 9, 6.25], "rotation": 90, "texture": "#1"}
			}
		},
		{
			"from": [9.75, 10.5, -11.75],
			"to": [14.25, 10.5, -2.75],
			"rotation": {"angle": -45, "axis": "z", "origin": [9.75, 10.5, -4.75]},
			"faces": {
				"up": {"uv": [13.5, 8.5, 9, 6.25], "rotation": 270, "texture": "#1"},
				"down": {"uv": [9, 8.5, 13.5, 6.25], "rotation": 270, "texture": "#1"}
			}
		},
		{
			"from": [7, 10.5, 12.75],
			"to": [9, 13, 18.25],
			"rotation": {"angle": 22.5, "axis": "x", "origin": [7, 13, 12.75]},
			"faces": {
				"east": {"uv": [12.75, 10.75, 10, 12], "texture": "#1"},
				"south": {"uv": [12.5, 10.75, 12.75, 12], "texture": "#1"},
				"west": {"uv": [10, 10.75, 12.75, 12], "texture": "#1"},
				"up": {"uv": [10, 9.75, 12.75, 10.75], "rotation": 90, "texture": "#1"},
				"down": {"uv": [10, 8.75, 12.75, 9.75], "rotation": 270, "texture": "#1"}
			}
		},
		{
			"from": [4.5, 8.75, 5.25],
			"to": [11.5, 15.75, 9.75],
			"rotation": {"angle": 0, "axis": "y", "origin": [6, 8.75, 14.25]},
			"faces": {
				"north": {"uv": [0, 2.75, 3.5, 6.25], "texture": "#1"},
				"east": {"uv": [5.75, 2.75, 3.5, 6.25], "texture": "#1"},
				"south": {"uv": [0, 8.5, 3.5, 12], "texture": "#1"},
				"west": {"uv": [5.75, 2.75, 8, 6.25], "texture": "#1"},
				"up": {"uv": [0, 6.25, 3.5, 8.5], "rotation": 180, "texture": "#1"},
				"down": {"uv": [8, 2.75, 11.5, 5], "rotation": 180, "texture": "#1"}
			}
		},
		{
			"from": [6.5, 9.25, 9.75],
			"to": [9.5, 14.75, 12.75],
			"rotation": {"angle": 0, "axis": "y", "origin": [8, 9.25, 16]},
			"faces": {
				"east": {"uv": [7, 9.25, 5.5, 12], "texture": "#1"},
				"south": {"uv": [7, 9.25, 8.5, 12], "texture": "#1"},
				"west": {"uv": [5.5, 9.25, 7, 12], "texture": "#1"},
				"up": {"uv": [8.5, 10.5, 10, 12], "texture": "#1"},
				"down": {"uv": [8.5, 9.25, 10, 10.75], "texture": "#1"}
			}
		},
		{
			"from": [4.25, 9, 7.75],
			"to": [7.25, 13, 11.75],
			"rotation": {"angle": 22.5, "axis": "z", "origin": [4.25, 9, 7.75]},
			"faces": {
				"north": {"uv": [5.5, 6.25, 3.5, 7.75], "rotation": 270, "texture": "#1"},
				"east": {"uv": [5.5, 7.75, 3.5, 9.75], "texture": "#1"},
				"south": {"uv": [13.5, 2.75, 11.5, 4.25], "rotation": 90, "texture": "#1"},
				"west": {"uv": [7, 6.25, 9, 8.25], "texture": "#1"},
				"up": {"uv": [5.5, 6.25, 3.5, 7.75], "rotation": 90, "texture": "#1"},
				"down": {"uv": [5.5, 6.25, 3.5, 7.75], "rotation": 90, "texture": "#1"}
			}
		},
		{
			"from": [-0.25, 10.25, 9],
			"to": [4.25, 11.75, 10.5],
			"rotation": {"angle": 22.5, "axis": "z", "origin": [4.25, 9, 7.75]},
			"faces": {
				"north": {"uv": [6.25, 6.25, 5.5, 8.5], "rotation": 270, "texture": "#1"},
				"south": {"uv": [5.5, 6.25, 6.25, 8.5], "rotation": 90, "texture": "#1"},
				"west": {"uv": [5.5, 8.5, 6.25, 9.25], "rotation": 90, "texture": "#1"},
				"up": {"uv": [6.25, 6.25, 7, 8.5], "rotation": 90, "texture": "#1"},
				"down": {"uv": [6, 6.25, 6.25, 8.5], "rotation": 90, "texture": "#1"}
			}
		},
		{
			"from": [8.75, 9, 7.75],
			"to": [11.75, 13, 11.75],
			"rotation": {"angle": -22.5, "axis": "z", "origin": [11.75, 9, 7.75]},
			"faces": {
				"north": {"uv": [3.5, 6.25, 5.5, 7.75], "rotation": 90, "texture": "#1"},
				"east": {"uv": [5.5, 7.75, 3.5, 9.75], "texture": "#1"},
				"south": {"uv": [3.5, 6.25, 5.5, 7.75], "rotation": 270, "texture": "#1"},
				"west": {"uv": [3.5, 7.75, 5.5, 9.75], "texture": "#1"},
				"up": {"uv": [3.5, 6.25, 5.5, 7.75], "rotation": 270, "texture": "#1"},
				"down": {"uv": [3.5, 6.25, 5.5, 7.75], "rotation": 270, "texture": "#1"}
			}
		},
		{
			"from": [5.25, 9.5, -4.25],
			"to": [10.75, 15, 5.25],
			"rotation": {"angle": 0, "axis": "y", "origin": [8.5, 13.5, 4.75]},
			"faces": {
				"north": {"uv": [4.75, 0, 7.5, 2.75], "texture": "#1"},
				"east": {"uv": [4.75, 0, 0, 2.75], "texture": "#1"},
				"west": {"uv": [0, 0, 4.75, 2.75], "texture": "#1"},
				"up": {"uv": [0, 0, 4.75, 2.75], "rotation": 90, "texture": "#1"},
				"down": {"uv": [0, 0, 4.75, 2.75], "rotation": 270, "texture": "#1"}
			}
		}
	],
	"gui_light": "front",
	"display": {
		"thirdperson_righthand": {
			"rotation": [2, 1, -1],
			"translation": [-0.75, -3.25, -3],
			"scale": [0.8, 0.8, 0.8]
		},
		"thirdperson_lefthand": {
			"rotation": [2, 1, -1],
			"translation": [-0.75, -3.25, -3],
			"scale": [0.8, 0.8, 0.8]
		},
		"firstperson_righthand": {
			"rotation": [22, 5, 6],
			"translation": [2.75, -2, -6.5]
		},
		"firstperson_lefthand": {
			"rotation": [22, 5, 6],
			"translation": [2.75, -2, -6.5]
		},
		"ground": {
			"rotation": [0, 0, -90],
			"translation": [-3, 0.5, 3.25],
			"scale": [0.8, 0.8, 0.8]
		},
		"gui": {
			"rotation": [-35, 145, 5],
			"translation": [1.5, -4, 0],
			"scale": [0.66, 0.66, 0.66]
		},
		"head": {
			"translation": [0, 5, 3.25]
		},
		"fixed": {
			"rotation": [0, 90, 0],
			"translation": [3.75, -4.5, -1]
		}
	},
	"groups": [
		{
			"name": "group",
			"origin": [8, 8, 8],
			"color": 0,
			"children": [0, 1, 2, 3, 4, 5, 6, 7, 8, 9]
		}
	]
}