{
	"credit": "Made with Blockbench",
	"texture_size": [64, 64],
	"textures": {
		"1": "ksepsp:item/old/laser_musket_anim",
		"particle": "ksepsp:item/old/laser_musket",
		"1_0": "ksepsp:item/old/laser_musket"
	},
	"elements": [
		{
			"from": [7, 11.75, 4],
			"to": [9, 13.75, 17.5],
			"rotation": {"angle": 0, "axis": "y", "origin": [14.75, 18.5, 20]},
			"faces": {
				"north": {"uv": [0, 1.5, 0.25, 2.5], "texture": "#1_0"},
				"east": {"uv": [6.75, 1.5, 0, 2.5], "texture": "#1_0"},
				"south": {"uv": [6.5, 1.5, 6.75, 2.5], "texture": "#1_0"},
				"west": {"uv": [0, 1.5, 6.75, 2.5], "texture": "#1_0"},
				"up": {"uv": [0, 1.5, 6.75, 1.75], "rotation": 90, "texture": "#1_0"},
				"down": {"uv": [0, 2.5, 6.75, 3.5], "rotation": 270, "texture": "#1_0"}
			}
		},
		{
			"from": [6.5, 13.25, 3],
			"to": [9.5, 16.25, 9],
			"rotation": {"angle": 0, "axis": "y", "origin": [14.25, 20, 19]},
			"faces": {
				"north": {"uv": [3, 10.25, 4.5, 11.75], "texture": "#1_0"},
				"east": {"uv": [3, 10.25, 0, 11.75], "texture": "#1_0"},
				"west": {"uv": [0, 10.25, 3, 11.75], "texture": "#1_0"},
				"up": {"uv": [0, 11.75, 3, 13.25], "rotation": 90, "texture": "#1_0"},
				"down": {"uv": [0, 11.5, 3, 11.75], "rotation": 270, "texture": "#1_0"}
			}
		},
		{
			"from": [6.5, 13.25, -9.5],
			"to": [9.5, 16.25, -7],
			"rotation": {"angle": 0, "axis": "y", "origin": [14.25, 20, 6.5]},
			"faces": {
				"north": {"uv": [5.25, 8.25, 6.75, 9.75], "texture": "#1_0"},
				"east": {"uv": [5.25, 8.25, 4, 9.75], "texture": "#1_0"},
				"south": {"uv": [5.25, 8.25, 6.75, 9.75], "texture": "#1_0"},
				"west": {"uv": [4, 8.25, 5.25, 9.75], "texture": "#1_0"},
				"up": {"uv": [4, 8.25, 5.25, 9.75], "rotation": 90, "texture": "#1_0"},
				"down": {"uv": [0, 7, 3.75, 8.25], "rotation": 270, "texture": "#1_0"}
			}
		},
		{
			"from": [6.25, 13, 10],
			"to": [9.75, 16.5, 13],
			"rotation": {"angle": 0, "axis": "y", "origin": [14, 19.75, 26]},
			"faces": {
				"north": {"uv": [8.25, 3.25, 9.5, 4.5], "texture": "#1_0"},
				"east": {"uv": [4.5, 11.75, 3, 13.5], "texture": "#1_0"},
				"south": {"uv": [0, 0, 0, 0], "texture": "#1_0"},
				"west": {"uv": [3, 11.75, 4.5, 13.5], "texture": "#1_0"},
				"up": {"uv": [3, 11.75, 4.5, 13.5], "rotation": 90, "texture": "#1_0"},
				"down": {"uv": [3, 11.75, 4.5, 13.5], "rotation": 270, "texture": "#1_0"}
			}
		},
		{
			"from": [6.25, 13, 9],
			"to": [9.75, 16.5, 10],
			"rotation": {"angle": 0, "axis": "y", "origin": [14, 19.75, 25]},
			"faces": {
				"north": {"uv": [4, 6.5, 5.75, 8.25], "texture": "#1_0"},
				"east": {"uv": [6.25, 6.5, 5.75, 8.25], "texture": "#1_0"},
				"south": {"uv": [4, 6.5, 5.75, 8.25], "texture": "#1_0"},
				"west": {"uv": [5.75, 6.5, 6.25, 8.25], "texture": "#1_0"},
				"up": {"uv": [5.75, 6.5, 6.25, 8.25], "rotation": 90, "texture": "#1_0"},
				"down": {"uv": [5.75, 6.5, 6.25, 8.25], "rotation": 270, "texture": "#1_0"}
			}
		},
		{
			"from": [6.25, 13, 13],
			"to": [9.75, 16.5, 14],
			"rotation": {"angle": 0, "axis": "y", "origin": [14, 19.75, 29]},
			"faces": {
				"north": {"uv": [4, 6.5, 5.75, 8.25], "texture": "#1_0"},
				"east": {"uv": [5.75, 6.5, 6.25, 8.25], "texture": "#1_0"},
				"south": {"uv": [4, 6.5, 5.75, 8.25], "texture": "#1_0"},
				"west": {"uv": [6.25, 6.5, 5.75, 8.25], "texture": "#1_0"},
				"up": {"uv": [6.25, 6.5, 5.75, 8.25], "rotation": 90, "texture": "#1_0"},
				"down": {"uv": [6.25, 6.5, 5.75, 8.25], "rotation": 270, "texture": "#1_0"}
			}
		},
		{
			"from": [6.25, 13, 15.5],
			"to": [9.75, 16.5, 17],
			"rotation": {"angle": 0, "axis": "y", "origin": [14, 19.75, 31.5]},
			"faces": {
				"north": {"uv": [4, 6.5, 5.75, 8.25], "texture": "#1_0"},
				"east": {"uv": [8.75, 6.5, 8, 8.25], "texture": "#1_0"},
				"south": {"uv": [6.25, 6.5, 8, 8.25], "texture": "#1_0"},
				"west": {"uv": [8, 6.5, 8.75, 8.25], "texture": "#1_0"},
				"up": {"uv": [8, 6.5, 8.75, 8.25], "rotation": 90, "texture": "#1_0"},
				"down": {"uv": [8, 6.5, 8.75, 8.25], "rotation": 270, "texture": "#1_0"}
			}
		},
		{
			"from": [7.25, 12.25, -8],
			"to": [8.75, 13.75, 4],
			"rotation": {"angle": 0, "axis": "y", "origin": [15, 19, 8]},
			"faces": {
				"north": {"uv": [6, 0, 6.75, 0.75], "texture": "#1_0"},
				"east": {"uv": [6, 0, 0, 0.75], "texture": "#1_0"},
				"west": {"uv": [0, 0, 6, 0.75], "texture": "#1_0"},
				"up": {"uv": [0, 0.75, 6, 1.5], "rotation": 90, "texture": "#1_0"},
				"down": {"uv": [0, 0.5, 6, 0.75], "rotation": 270, "texture": "#1_0"}
			}
		},
		{
			"from": [7, 10, 22.25],
			"to": [9, 12.5, 30.25],
			"rotation": {"angle": 0, "axis": "y", "origin": [15.25, 24.25, 29.75]},
			"faces": {
				"north": {"uv": [0, 5.25, 0.25, 6.5], "texture": "#1_0"},
				"east": {"uv": [4, 5.25, 0, 6.5], "texture": "#1_0"},
				"south": {"uv": [4, 5.25, 5, 6.5], "texture": "#1_0"},
				"west": {"uv": [0, 5.25, 4, 6.5], "texture": "#1_0"},
				"up": {"uv": [0, 6.5, 4, 7.5], "rotation": 90, "texture": "#1_0"},
				"down": {"uv": [0, 6.25, 4, 6.5], "rotation": 270, "texture": "#1_0"}
			}
		},
		{
			"from": [8, 8.25, 14.5],
			"to": [8, 11.75, 22.5],
			"rotation": {"angle": 0, "axis": "x", "origin": [7.75, 9, 15.75]},
			"faces": {
				"north": {"uv": [0, 0, 0, 3], "texture": "#1_0"},
				"east": {"uv": [4, 8.5, 0, 10.25], "texture": "#1_0"},
				"south": {"uv": [0, 0, 0, 3], "texture": "#1_0"},
				"west": {"uv": [0, 8.5, 4, 10.25], "texture": "#1_0"},
				"up": {"uv": [0, 0, 0, 4], "texture": "#1_0"},
				"down": {"uv": [0, 0, 0, 4], "texture": "#1_0"}
			}
		},
		{
			"from": [8, 13.75, 14],
			"to": [8, 16.25, 15.5],
			"rotation": {"angle": 0, "axis": "x", "origin": [7.75, 14.5, 14.75]},
			"faces": {
				"north": {"uv": [0, 0, 0, 3], "texture": "#1_0"},
				"east": {"uv": [5.25, 10.25, 4.5, 11.5], "texture": "#1_0"},
				"south": {"uv": [0, 0, 0, 3], "texture": "#1_0"},
				"west": {"uv": [4.5, 10.25, 5.25, 11.5], "texture": "#1_0"},
				"up": {"uv": [0, 0, 0, 4], "texture": "#1_0"},
				"down": {"uv": [0, 0, 0, 4], "texture": "#1_0"}
			}
		},
		{
			"from": [7.25, 13.75, -1.75],
			"to": [8.75, 15.75, -1.75],
			"rotation": {"angle": 0, "axis": "y", "origin": [15.25, 22.75, 6.75]},
			"faces": {
				"north": {"uv": [5, 5.5, 5.75, 6.5], "texture": "#1_0"},
				"east": {"uv": [2.5, 11.5, 0, 12.75], "texture": "#1_0"},
				"south": {"uv": [5, 5.5, 5.75, 6.5], "texture": "#1_0"},
				"west": {"uv": [0, 11.5, 2.5, 12.75], "texture": "#1_0"},
				"up": {"uv": [0, 0, 0, 4], "texture": "#1_0"},
				"down": {"uv": [0, 0, 0, 4], "texture": "#1_0"}
			}
		},
		{
			"from": [7.25, 10, 17.25],
			"to": [8.75, 11.5, 22.25],
			"rotation": {"angle": 22.5, "axis": "x", "origin": [8, 12.5, 22.25]},
			"faces": {
				"east": {"uv": [2.5, 4.5, 0, 5.25], "texture": "#1_0"},
				"west": {"uv": [0, 4.5, 2.5, 5.25], "texture": "#1_0"},
				"up": {"uv": [0, 3.75, 2.5, 4.5], "rotation": 90, "texture": "#1_0"},
				"down": {"uv": [0, 5, 2.5, 5.25], "rotation": 270, "texture": "#1_0"}
			}
		},
		{
			"from": [7.25, 10, 22.25],
			"to": [8.75, 12.5, 28.25],
			"rotation": {"angle": 22.5, "axis": "x", "origin": [8, 12.5, 22.25]},
			"faces": {
				"north": {"uv": [2.5, 4, 2.75, 5.25], "texture": "#1_0"},
				"east": {"uv": [5.5, 4, 2.5, 5.25], "texture": "#1_0"},
				"west": {"uv": [2.5, 4, 5.5, 5.25], "texture": "#1_0"},
				"down": {"uv": [0, 7.5, 3, 8.25], "rotation": 270, "texture": "#1_0"}
			}
		},
		{
			"from": [7.25, 10, 28.25],
			"to": [8.75, 13.5, 30.25],
			"rotation": {"angle": 22.5, "axis": "x", "origin": [8, 12.5, 22.25]},
			"faces": {
				"east": {"uv": [6.5, 3.5, 5.5, 5.25], "texture": "#1_0"},
				"south": {"uv": [6.5, 3.5, 7.25, 5.25], "texture": "#1_0"},
				"west": {"uv": [5.5, 3.5, 6.5, 5.25], "texture": "#1_0"},
				"down": {"uv": [5.5, 5, 6.5, 5.25], "rotation": 270, "texture": "#1_0"}
			}
		},
		{
			"from": [8, 13.5, 10],
			"to": [8, 16, 13],
			"rotation": {"angle": 0, "axis": "x", "origin": [7.75, 14.25, 10.75]},
			"faces": {
				"north": {"uv": [0, 0, 0, 3], "texture": "#1_0"},
				"east": {"uv": [11.25, 0, 9.75, 1.25], "texture": "#1_0"},
				"south": {"uv": [0, 0, 0, 3], "texture": "#1_0"},
				"west": {"uv": [9.75, 0, 11.25, 1.25], "texture": "#1_0"},
				"up": {"uv": [0, 0, 0, 4], "texture": "#1_0"},
				"down": {"uv": [0, 0, 0, 4], "texture": "#1_0"}
			}
		},
		{
			"from": [3.5, 11.5, 15.5],
			"to": [6, 12.5, 16.5],
			"rotation": {"angle": 22.5, "axis": "x", "origin": [6, 14.5, 16]},
			"faces": {
				"north": {"uv": [3.5, 0, 6, 1], "rotation": 180, "texture": "#1"},
				"south": {"uv": [6, 0, 3.5, 1], "rotation": 180, "texture": "#1"},
				"west": {"uv": [2.5, 0, 3.5, 1], "rotation": 270, "texture": "#1"},
				"up": {"uv": [3.5, 0, 6, 1], "texture": "#1"},
				"down": {"uv": [6, 0, 3.5, 1], "rotation": 180, "texture": "#1"}
			}
		},
		{
			"from": [6, 11.5, 15.5],
			"to": [6, 15, 16.5],
			"rotation": {"angle": 22.5, "axis": "x", "origin": [6, 14.5, 16]},
			"faces": {
				"north": {"uv": [0, 0, 3.5, 1], "rotation": 90, "texture": "#1"},
				"east": {"uv": [0, 1, 3.5, 0], "rotation": 270, "texture": "#1"},
				"south": {"uv": [0, 0, 3.5, 1], "rotation": 90, "texture": "#1"},
				"west": {"uv": [3.5, 1, 0, 0], "rotation": 90, "texture": "#1"},
				"up": {"uv": [4, 3, 5.25, 4.25], "rotation": 180, "texture": "#1"},
				"down": {"uv": [0, 0, 0, 0], "texture": "#1"}
			}
		},
		{
			"from": [6, 11.5, 15.5],
			"to": [6, 15, 16.5],
			"rotation": {"angle": 0, "axis": "x", "origin": [6, 14.5, 16]},
			"faces": {
				"north": {"uv": [0, 0, 3.5, 1], "rotation": 90, "texture": "#1"},
				"east": {"uv": [0, 2, 3.5, 1], "rotation": 270, "texture": "#1"},
				"south": {"uv": [0, 0, 3.5, 1], "rotation": 90, "texture": "#1"},
				"west": {"uv": [3.5, 2, 0, 1], "rotation": 90, "texture": "#1"},
				"up": {"uv": [4, 3, 5.25, 4.25], "rotation": 180, "texture": "#1"},
				"down": {"uv": [0, 0, 0, 0], "texture": "#1"}
			}
		},
		{
			"from": [3.5, 11.5, 15.5],
			"to": [6, 12.5, 16.5],
			"rotation": {"angle": 0, "axis": "x", "origin": [6, 14.5, 16]},
			"faces": {
				"north": {"uv": [3.5, 1, 6, 2], "rotation": 180, "texture": "#1"},
				"south": {"uv": [6, 1, 3.5, 2], "rotation": 180, "texture": "#1"},
				"west": {"uv": [2.5, 1, 3.5, 2], "rotation": 270, "texture": "#1"},
				"up": {"uv": [3.5, 1, 6, 2], "texture": "#1"},
				"down": {"uv": [6, 1, 3.5, 2], "rotation": 180, "texture": "#1"}
			}
		},
		{
			"from": [6, 11.5, 15.5],
			"to": [6, 15, 16.5],
			"rotation": {"angle": -22.5, "axis": "x", "origin": [6, 14.5, 16]},
			"faces": {
				"north": {"uv": [0, 0, 3.5, 1], "rotation": 90, "texture": "#1"},
				"east": {"uv": [0, 3, 3.5, 2], "rotation": 270, "texture": "#1"},
				"south": {"uv": [0, 0, 3.5, 1], "rotation": 90, "texture": "#1"},
				"west": {"uv": [3.5, 3, 0, 2], "rotation": 90, "texture": "#1"},
				"up": {"uv": [4, 3, 5.25, 4.25], "rotation": 180, "texture": "#1"},
				"down": {"uv": [0, 0, 0, 0], "texture": "#1"}
			}
		},
		{
			"from": [3.5, 11.5, 15.5],
			"to": [6, 12.5, 16.5],
			"rotation": {"angle": -22.5, "axis": "x", "origin": [6, 14.5, 16]},
			"faces": {
				"north": {"uv": [3.5, 2, 6, 3], "rotation": 180, "texture": "#1"},
				"south": {"uv": [6, 2, 3.5, 3], "rotation": 180, "texture": "#1"},
				"west": {"uv": [2.5, 2, 3.5, 3], "rotation": 270, "texture": "#1"},
				"up": {"uv": [3.5, 2, 6, 3], "texture": "#1"},
				"down": {"uv": [6, 2, 3.5, 3], "rotation": 180, "texture": "#1"}
			}
		},
		{
			"from": [6, 11.5, 15.5],
			"to": [6, 15, 16.5],
			"rotation": {"angle": -45, "axis": "x", "origin": [6, 14.5, 16]},
			"faces": {
				"north": {"uv": [0, 0, 3.5, 1], "rotation": 90, "texture": "#1"},
				"east": {"uv": [0, 4, 3.5, 3], "rotation": 270, "texture": "#1"},
				"south": {"uv": [0, 0, 3.5, 1], "rotation": 90, "texture": "#1"},
				"west": {"uv": [3.5, 4, 0, 3], "rotation": 90, "texture": "#1"},
				"up": {"uv": [4, 3, 5.25, 4.25], "rotation": 180, "texture": "#1"},
				"down": {"uv": [0, 0, 0, 0], "texture": "#1"}
			}
		},
		{
			"from": [3.5, 11.5, 15.5],
			"to": [6, 12.5, 16.5],
			"rotation": {"angle": -45, "axis": "x", "origin": [6, 14.5, 16]},
			"faces": {
				"north": {"uv": [3.5, 3, 6, 4], "rotation": 180, "texture": "#1"},
				"south": {"uv": [6, 3, 3.5, 4], "rotation": 180, "texture": "#1"},
				"west": {"uv": [2.5, 3, 3.5, 4], "rotation": 270, "texture": "#1"},
				"up": {"uv": [3.5, 3, 6, 4], "texture": "#1"},
				"down": {"uv": [6, 3, 3.5, 4], "rotation": 180, "texture": "#1"}
			}
		},
		{
			"from": [6, 14, 15.5],
			"to": [6, 15, 19],
			"rotation": {"angle": 22.5, "axis": "x", "origin": [6, 14.5, 16]},
			"faces": {
				"north": {"uv": [4, 3, 5.25, 4.25], "texture": "#1"},
				"east": {"uv": [0, 5, 3.5, 4], "texture": "#1"},
				"south": {"uv": [0, 0, 0, 0], "texture": "#1"},
				"west": {"uv": [3.5, 5, 0, 4], "texture": "#1"},
				"up": {"uv": [0, 0, 3.5, 1], "rotation": 90, "texture": "#1"},
				"down": {"uv": [0, 0, 3.5, 1], "rotation": 270, "texture": "#1"}
			}
		},
		{
			"from": [3.5, 14, 18],
			"to": [6, 15, 19],
			"rotation": {"angle": 22.5, "axis": "x", "origin": [6, 14.5, 16]},
			"faces": {
				"north": {"uv": [3.5, 4, 6, 5], "rotation": 180, "texture": "#1"},
				"south": {"uv": [6, 4, 3.5, 5], "rotation": 180, "texture": "#1"},
				"west": {"uv": [2.5, 4, 3.5, 5], "rotation": 180, "texture": "#1"},
				"up": {"uv": [6, 4, 3.5, 5], "rotation": 180, "texture": "#1"},
				"down": {"uv": [3.5, 4, 6, 5], "texture": "#1"}
			}
		},
		{
			"from": [6, 14, 15.5],
			"to": [6, 15, 19],
			"rotation": {"angle": 0, "axis": "x", "origin": [6, 14.5, 16]},
			"faces": {
				"north": {"uv": [4, 3, 5.25, 4.25], "texture": "#1"},
				"east": {"uv": [0, 6, 3.5, 5], "texture": "#1"},
				"south": {"uv": [0, 0, 0, 0], "texture": "#1"},
				"west": {"uv": [3.5, 6, 0, 5], "texture": "#1"},
				"up": {"uv": [0, 0, 3.5, 1], "rotation": 90, "texture": "#1"},
				"down": {"uv": [0, 0, 3.5, 1], "rotation": 270, "texture": "#1"}
			}
		},
		{
			"from": [3.5, 14, 18],
			"to": [6, 15, 19],
			"rotation": {"angle": 0, "axis": "x", "origin": [6, 14.5, 16]},
			"faces": {
				"north": {"uv": [3.5, 5, 6, 6], "rotation": 180, "texture": "#1"},
				"south": {"uv": [6, 5, 3.5, 6], "rotation": 180, "texture": "#1"},
				"west": {"uv": [2.5, 5, 3.5, 6], "rotation": 180, "texture": "#1"},
				"up": {"uv": [6, 5, 3.5, 6], "rotation": 180, "texture": "#1"},
				"down": {"uv": [3.5, 5, 6, 6], "texture": "#1"}
			}
		},
		{
			"from": [6, 14, 15.5],
			"to": [6, 15, 19],
			"rotation": {"angle": -22.5, "axis": "x", "origin": [6, 14.5, 16]},
			"faces": {
				"north": {"uv": [4, 3, 5.25, 4.25], "texture": "#1"},
				"east": {"uv": [0, 7, 3.5, 6], "texture": "#1"},
				"south": {"uv": [0, 0, 0, 0], "texture": "#1"},
				"west": {"uv": [3.5, 7, 0, 6], "texture": "#1"},
				"up": {"uv": [0, 0, 3.5, 1], "rotation": 90, "texture": "#1"},
				"down": {"uv": [0, 0, 3.5, 1], "rotation": 270, "texture": "#1"}
			}
		},
		{
			"from": [3.5, 14, 18],
			"to": [6, 15, 19],
			"rotation": {"angle": -22.5, "axis": "x", "origin": [6, 14.5, 16]},
			"faces": {
				"north": {"uv": [3.5, 6, 6, 7], "rotation": 180, "texture": "#1"},
				"south": {"uv": [6, 6, 3.5, 7], "rotation": 180, "texture": "#1"},
				"west": {"uv": [2.5, 6, 3.5, 7], "rotation": 180, "texture": "#1"},
				"up": {"uv": [6, 6, 3.5, 7], "rotation": 180, "texture": "#1"},
				"down": {"uv": [3.5, 6, 6, 7], "texture": "#1"}
			}
		},
		{
			"from": [3.5, 14, 18],
			"to": [6, 15, 19],
			"rotation": {"angle": -45, "axis": "x", "origin": [6, 14.5, 16]},
			"faces": {
				"north": {"uv": [3.5, 7, 6, 8], "rotation": 180, "texture": "#1"},
				"south": {"uv": [6, 7, 3.5, 8], "rotation": 180, "texture": "#1"},
				"west": {"uv": [2.5, 7, 3.5, 8], "rotation": 180, "texture": "#1"},
				"up": {"uv": [6, 7, 3.5, 8], "rotation": 180, "texture": "#1"},
				"down": {"uv": [3.5, 7, 6, 8], "texture": "#1"}
			}
		},
		{
			"from": [6, 14, 15.5],
			"to": [6, 15, 19],
			"rotation": {"angle": -45, "axis": "x", "origin": [6, 14.5, 16]},
			"faces": {
				"north": {"uv": [4, 3, 5.25, 4.25], "texture": "#1"},
				"east": {"uv": [0, 8, 3.5, 7], "texture": "#1"},
				"south": {"uv": [0, 0, 0, 0], "texture": "#1"},
				"west": {"uv": [3.5, 8, 0, 7], "texture": "#1"},
				"up": {"uv": [0, 0, 3.5, 1], "rotation": 90, "texture": "#1"},
				"down": {"uv": [0, 0, 3.5, 1], "rotation": 270, "texture": "#1"}
			}
		},
		{
			"from": [6, 14, 15.5],
			"to": [6, 17.5, 16.5],
			"rotation": {"angle": 22.5, "axis": "x", "origin": [6, 14.5, 16]},
			"faces": {
				"north": {"uv": [0, 0, 3.5, 1], "rotation": 270, "texture": "#1"},
				"east": {"uv": [0, 9, 3.5, 8], "rotation": 90, "texture": "#1"},
				"south": {"uv": [0, 0, 3.5, 1], "rotation": 270, "texture": "#1"},
				"west": {"uv": [3.5, 9, 0, 8], "rotation": 270, "texture": "#1"},
				"up": {"uv": [0, 0, 0, 0], "texture": "#1"},
				"down": {"uv": [4, 3, 5.25, 4.25], "rotation": 180, "texture": "#1"}
			}
		},
		{
			"from": [3.5, 16.5, 15.5],
			"to": [6, 17.5, 16.5],
			"rotation": {"angle": 22.5, "axis": "x", "origin": [6, 14.5, 16]},
			"faces": {
				"north": {"uv": [6, 8, 3.5, 9], "texture": "#1"},
				"south": {"uv": [3.5, 8, 6, 9], "texture": "#1"},
				"west": {"uv": [2.5, 8, 3.5, 9], "rotation": 90, "texture": "#1"},
				"up": {"uv": [6, 8, 3.5, 9], "rotation": 180, "texture": "#1"},
				"down": {"uv": [3.5, 8, 6, 9], "texture": "#1"}
			}
		},
		{
			"from": [3.5, 16.5, 15.5],
			"to": [6, 17.5, 16.5],
			"rotation": {"angle": 0, "axis": "x", "origin": [6, 14.5, 16]},
			"faces": {
				"north": {"uv": [6, 9, 3.5, 10], "texture": "#1"},
				"south": {"uv": [3.5, 9, 6, 10], "texture": "#1"},
				"west": {"uv": [2.5, 9, 3.5, 10], "rotation": 90, "texture": "#1"},
				"up": {"uv": [6, 9, 3.5, 10], "rotation": 180, "texture": "#1"},
				"down": {"uv": [3.5, 9, 6, 10], "texture": "#1"}
			}
		},
		{
			"from": [6, 14, 15.5],
			"to": [6, 17.5, 16.5],
			"rotation": {"angle": 0, "axis": "x", "origin": [6, 14.5, 16]},
			"faces": {
				"north": {"uv": [0, 0, 3.5, 1], "rotation": 270, "texture": "#1"},
				"east": {"uv": [0, 10, 3.5, 9], "rotation": 90, "texture": "#1"},
				"south": {"uv": [0, 0, 3.5, 1], "rotation": 270, "texture": "#1"},
				"west": {"uv": [3.5, 10, 0, 9], "rotation": 270, "texture": "#1"},
				"up": {"uv": [0, 0, 0, 0], "texture": "#1"},
				"down": {"uv": [4, 3, 5.25, 4.25], "rotation": 180, "texture": "#1"}
			}
		},
		{
			"from": [6, 14, 15.5],
			"to": [6, 17.5, 16.5],
			"rotation": {"angle": -22.5, "axis": "x", "origin": [6, 14.5, 16]},
			"faces": {
				"north": {"uv": [0, 0, 3.5, 1], "rotation": 270, "texture": "#1"},
				"east": {"uv": [0, 11, 3.5, 10], "rotation": 90, "texture": "#1"},
				"south": {"uv": [0, 0, 3.5, 1], "rotation": 270, "texture": "#1"},
				"west": {"uv": [3.5, 11, 0, 10], "rotation": 270, "texture": "#1"},
				"up": {"uv": [0, 0, 0, 0], "texture": "#1"},
				"down": {"uv": [4, 3, 5.25, 4.25], "rotation": 180, "texture": "#1"}
			}
		},
		{
			"from": [3.5, 16.5, 15.5],
			"to": [6, 17.5, 16.5],
			"rotation": {"angle": -22.5, "axis": "x", "origin": [6, 14.5, 16]},
			"faces": {
				"north": {"uv": [6, 10, 3.5, 11], "texture": "#1"},
				"south": {"uv": [3.5, 10, 6, 11], "texture": "#1"},
				"west": {"uv": [2.5, 10, 3.5, 11], "rotation": 90, "texture": "#1"},
				"up": {"uv": [6, 10, 3.5, 11], "rotation": 180, "texture": "#1"},
				"down": {"uv": [3.5, 10, 6, 11], "texture": "#1"}
			}
		},
		{
			"from": [3.5, 16.5, 15.5],
			"to": [6, 17.5, 16.5],
			"rotation": {"angle": -45, "axis": "x", "origin": [6, 14.5, 16]},
			"faces": {
				"north": {"uv": [6, 11, 3.5, 12], "texture": "#1"},
				"south": {"uv": [3.5, 11, 6, 12], "texture": "#1"},
				"west": {"uv": [2.5, 11, 3.5, 12], "rotation": 90, "texture": "#1"},
				"up": {"uv": [6, 11, 3.5, 12], "rotation": 180, "texture": "#1"},
				"down": {"uv": [3.5, 11, 6, 12], "texture": "#1"}
			}
		},
		{
			"from": [6, 14, 15.5],
			"to": [6, 17.5, 16.5],
			"rotation": {"angle": -45, "axis": "x", "origin": [6, 14.5, 16]},
			"faces": {
				"north": {"uv": [0, 0, 3.5, 1], "rotation": 270, "texture": "#1"},
				"east": {"uv": [0, 12, 3.5, 11], "rotation": 90, "texture": "#1"},
				"south": {"uv": [0, 0, 3.5, 1], "rotation": 270, "texture": "#1"},
				"west": {"uv": [3.5, 12, 0, 11], "rotation": 270, "texture": "#1"},
				"up": {"uv": [0, 0, 0, 0], "texture": "#1"},
				"down": {"uv": [4, 3, 5.25, 4.25], "rotation": 180, "texture": "#1"}
			}
		},
		{
			"from": [3.5, 14, 13],
			"to": [6, 15, 14],
			"rotation": {"angle": 22.5, "axis": "x", "origin": [6, 14.5, 16]},
			"faces": {
				"north": {"uv": [6, 12, 3.5, 13], "texture": "#1"},
				"south": {"uv": [3.5, 12, 6, 13], "texture": "#1"},
				"west": {"uv": [2.5, 12, 3.5, 13], "texture": "#1"},
				"up": {"uv": [3.5, 12, 6, 13], "texture": "#1"},
				"down": {"uv": [6, 12, 3.5, 13], "rotation": 180, "texture": "#1"}
			}
		},
		{
			"from": [6, 14, 13],
			"to": [6, 15, 16.5],
			"rotation": {"angle": 22.5, "axis": "x", "origin": [6, 14.5, 16]},
			"faces": {
				"north": {"uv": [0, 0, 0, 0], "rotation": 180, "texture": "#1"},
				"east": {"uv": [0, 13, 3.5, 12], "rotation": 180, "texture": "#1"},
				"south": {"uv": [4, 3, 5.25, 4.25], "rotation": 180, "texture": "#1"},
				"west": {"uv": [3.5, 13, 0, 12], "rotation": 180, "texture": "#1"},
				"up": {"uv": [0, 0, 3.5, 1], "rotation": 270, "texture": "#1"},
				"down": {"uv": [0, 0, 3.5, 1], "rotation": 90, "texture": "#1"}
			}
		},
		{
			"from": [3.5, 14, 13],
			"to": [6, 15, 14],
			"rotation": {"angle": 0, "axis": "x", "origin": [6, 14.5, 16]},
			"faces": {
				"north": {"uv": [6, 13, 3.5, 14], "texture": "#1"},
				"south": {"uv": [3.5, 13, 6, 14], "texture": "#1"},
				"west": {"uv": [2.5, 13, 3.5, 14], "texture": "#1"},
				"up": {"uv": [3.5, 13, 6, 14], "texture": "#1"},
				"down": {"uv": [6, 13, 3.5, 14], "rotation": 180, "texture": "#1"}
			}
		},
		{
			"from": [6, 14, 13],
			"to": [6, 15, 16.5],
			"rotation": {"angle": 0, "axis": "x", "origin": [6, 14.5, 16]},
			"faces": {
				"north": {"uv": [0, 0, 0, 0], "rotation": 180, "texture": "#1"},
				"east": {"uv": [0, 14, 3.5, 13], "rotation": 180, "texture": "#1"},
				"south": {"uv": [4, 3, 5.25, 4.25], "rotation": 180, "texture": "#1"},
				"west": {"uv": [3.5, 14, 0, 13], "rotation": 180, "texture": "#1"},
				"up": {"uv": [0, 0, 3.5, 1], "rotation": 270, "texture": "#1"},
				"down": {"uv": [0, 0, 3.5, 1], "rotation": 90, "texture": "#1"}
			}
		},
		{
			"from": [3.5, 14, 13],
			"to": [6, 15, 14],
			"rotation": {"angle": -22.5, "axis": "x", "origin": [6, 14.5, 16]},
			"faces": {
				"north": {"uv": [6, 14, 3.5, 15], "texture": "#1"},
				"south": {"uv": [3.5, 14, 6, 15], "texture": "#1"},
				"west": {"uv": [2.5, 14, 3.5, 15], "texture": "#1"},
				"up": {"uv": [3.5, 14, 6, 15], "texture": "#1"},
				"down": {"uv": [6, 14, 3.5, 15], "rotation": 180, "texture": "#1"}
			}
		},
		{
			"from": [6, 14, 13],
			"to": [6, 15, 16.5],
			"rotation": {"angle": -22.5, "axis": "x", "origin": [6, 14.5, 16]},
			"faces": {
				"north": {"uv": [0, 0, 0, 0], "rotation": 180, "texture": "#1"},
				"east": {"uv": [0, 15, 3.5, 14], "rotation": 180, "texture": "#1"},
				"south": {"uv": [4, 3, 5.25, 4.25], "rotation": 180, "texture": "#1"},
				"west": {"uv": [3.5, 15, 0, 14], "rotation": 180, "texture": "#1"},
				"up": {"uv": [0, 0, 3.5, 1], "rotation": 270, "texture": "#1"},
				"down": {"uv": [0, 0, 3.5, 1], "rotation": 90, "texture": "#1"}
			}
		},
		{
			"from": [3.5, 14, 13],
			"to": [6, 15, 14],
			"rotation": {"angle": -45, "axis": "x", "origin": [6, 14.5, 16]},
			"faces": {
				"north": {"uv": [6, 15, 3.5, 16], "texture": "#1"},
				"south": {"uv": [3.5, 15, 6, 16], "texture": "#1"},
				"west": {"uv": [2.5, 15, 3.5, 16], "texture": "#1"},
				"up": {"uv": [3.5, 15, 6, 16], "texture": "#1"},
				"down": {"uv": [6, 15, 3.5, 16], "rotation": 180, "texture": "#1"}
			}
		},
		{
			"from": [6, 14, 13],
			"to": [6, 15, 16.5],
			"rotation": {"angle": -45, "axis": "x", "origin": [6, 14.5, 16]},
			"faces": {
				"north": {"uv": [0, 0, 0, 0], "rotation": 180, "texture": "#1"},
				"east": {"uv": [0, 16, 3.5, 15], "rotation": 180, "texture": "#1"},
				"south": {"uv": [4, 3, 5.25, 4.25], "rotation": 180, "texture": "#1"},
				"west": {"uv": [3.5, 16, 0, 15], "rotation": 180, "texture": "#1"},
				"up": {"uv": [0, 0, 3.5, 1], "rotation": 270, "texture": "#1"},
				"down": {"uv": [0, 0, 3.5, 1], "rotation": 90, "texture": "#1"}
			}
		}
	],
	"display": {
		"thirdperson_righthand": {
			"rotation": [28, 18, 2.5],
			"translation": [-2.75, 0.5, -7],
			"scale": [0.8, 0.8, 0.8]
		},
		"thirdperson_lefthand": {
			"rotation": [28, 18, 2.5],
			"translation": [-2.75, 0.5, -7],
			"scale": [0.8, 0.8, 0.8]
		},
		"firstperson_righthand": {
			"rotation": [2, -3.5, 2],
			"translation": [0.25, -2.5, -7.5]
		},
		"firstperson_lefthand": {
			"rotation": [2, -3.5, 2],
			"translation": [0.25, -2.5, -7.5]
		},
		"ground": {
			"rotation": [0, 0, -90],
			"translation": [-4.25, -1, -1.5],
			"scale": [0.8, 0.8, 0.8]
		},
		"gui": {
			"rotation": [-45, 145, 30],
			"translation": [-1.75, -1, 0],
			"scale": [0.5, 0.5, 0.5]
		},
		"head": {
			"rotation": [0, 0, 1],
			"translation": [0, 3, -1]
		},
		"fixed": {
			"rotation": [0, 90, 0],
			"translation": [-2, -3.75, -2]
		}
	},
	"groups": [0, 1, 2, 3, 4, 5, 6, 7, 8, 9, 10, 11, 12, 13, 14, 15,
		{
			"name": "group",
			"origin": [6, 14.5, 16],
			"color": 0,
			"children": [16, 17, 18, 19, 20, 21, 22, 23, 24, 25, 26, 27, 28, 29, 30, 31, 32, 33, 34, 35, 36, 37, 38, 39, 40, 41, 42, 43, 44, 45, 46, 47]
		}
	]
}