{
	"credit": "Made with Blockbench",
	"texture_size": [64, 48],
	"textures": {
		"particle": "ksepsp:item/old/mauser98"
	},
	"elements": [
		{
			"from": [7.25, 13, -11.5],
			"to": [8.25, 14, -3.5],
			"rotation": {"angle": 0, "axis": "x", "origin": [8.75, 13, -2.5]},
			"faces": {
				"north": {"uv": [7.75, 0.66667, 8.25, 1.33334], "texture": "#particle"},
				"east": {"uv": [8.75, 0, 12.75, 0.66667], "texture": "#particle"},
				"west": {"uv": [12.75, 0, 8.75, 0.66667], "texture": "#particle"},
				"up": {"uv": [8.75, 1.66667, 12.75, 2.33333], "rotation": 270, "texture": "#particle"},
				"down": {"uv": [8.75, 0.33333, 12.75, 0.66667], "rotation": 90, "texture": "#particle"}
			}
		},
		{
			"from": [7.75, 14, 4],
			"to": [7.75, 15, 7],
			"rotation": {"angle": 0, "axis": "x", "origin": [9.25, 12, 2]},
			"faces": {
				"north": {"uv": [0, 0, 0, 3], "texture": "#particle"},
				"east": {"uv": [7.25, 0, 8.75, 0.66667], "texture": "#particle"},
				"south": {"uv": [0, 0, 0, 3], "texture": "#particle"},
				"west": {"uv": [8.75, 0, 7.25, 0.66667], "texture": "#particle"},
				"up": {"uv": [0, 0, 0, 2], "texture": "#particle"},
				"down": {"uv": [0, 0, 0, 2], "texture": "#particle"}
			}
		},
		{
			"from": [7.25, 9, 19.5],
			"to": [8.25, 12, 23],
			"rotation": {"angle": -22.5, "axis": "x", "origin": [7.75, 12, 23]},
			"faces": {
				"north": {"uv": [5.75, 8, 6, 10], "texture": "#particle"},
				"east": {"uv": [4.25, 8, 6, 10], "texture": "#particle"},
				"west": {"uv": [6, 8, 4.25, 10], "texture": "#particle"},
				"up": {"uv": [4.25, 8, 6, 8.33333], "rotation": 270, "texture": "#particle"},
				"down": {"uv": [4.25, 9.66667, 6, 10], "rotation": 90, "texture": "#particle"}
			}
		},
		{
			"from": [6.5, 10.5, 10],
			"to": [9, 13, 18.5],
			"rotation": {"angle": 0, "axis": "x", "origin": [8, 10.5, 19]},
			"faces": {
				"north": {"uv": [4, 5.33333, 4.25, 6.99999], "texture": "#particle"},
				"east": {"uv": [0, 7, 4.25, 8.66666], "texture": "#particle"},
				"south": {"uv": [0, 5.33333, 0.25, 6.99999], "texture": "#particle"},
				"west": {"uv": [4.25, 5.33333, 0, 7], "texture": "#particle"},
				"up": {"uv": [0, 8.66667, 4.25, 10.33333], "rotation": 270, "texture": "#particle"},
				"down": {"uv": [0, 10.33333, 4.25, 12], "rotation": 90, "texture": "#particle"}
			}
		},
		{
			"from": [6.75, 9.5, 23],
			"to": [8.75, 12, 30.5],
			"rotation": {"angle": 0, "axis": "x", "origin": [8.75, 8.5, 30]},
			"faces": {
				"north": {"uv": [11, 9.66667, 11.25, 11.33333], "texture": "#particle"},
				"east": {"uv": [7.5, 9.66667, 11.25, 11.33333], "texture": "#particle"},
				"south": {"uv": [11.25, 9.66667, 12.25, 11.33333], "texture": "#particle"},
				"west": {"uv": [11.25, 9.66667, 7.5, 11.33333], "texture": "#particle"},
				"up": {"uv": [7.5, 11.33333, 11.25, 12.66667], "rotation": 270, "texture": "#particle"},
				"down": {"uv": [7.5, 11, 11.25, 11.33333], "rotation": 90, "texture": "#particle"}
			}
		},
		{
			"from": [7, 8.5, 26],
			"to": [8.5, 13, 30.5],
			"rotation": {"angle": 22.5, "axis": "x", "origin": [7.75, 12, 23.5]},
			"faces": {
				"east": {"uv": [0, 12, 2.25, 15], "texture": "#particle"},
				"south": {"uv": [6, 12, 6.75, 15], "texture": "#particle"},
				"west": {"uv": [2.25, 12, 0, 15], "texture": "#particle"},
				"down": {"uv": [0, 15, 2.25, 16], "rotation": 90, "texture": "#particle"}
			}
		},
		{
			"from": [7, 8.5, 18.5],
			"to": [8.5, 11, 26],
			"rotation": {"angle": 22.5, "axis": "x", "origin": [7.75, 12, 23.5]},
			"faces": {
				"north": {"uv": [0, 0, 2, 2], "texture": "#particle"},
				"east": {"uv": [2.25, 13.33333, 6, 15], "texture": "#particle"},
				"south": {"uv": [0, 0, 2, 2], "texture": "#particle"},
				"west": {"uv": [6, 13.33333, 2.25, 15], "texture": "#particle"},
				"up": {"uv": [2.25, 12.33333, 6, 13.33333], "rotation": 270, "texture": "#particle"},
				"down": {"uv": [2.25, 15, 6, 16], "rotation": 90, "texture": "#particle"}
			}
		},
		{
			"from": [6.75, 11, 3.5],
			"to": [8.75, 13, 10],
			"rotation": {"angle": 0, "axis": "x", "origin": [8.25, 11, 12]},
			"faces": {
				"north": {"uv": [7.25, 5.33333, 7.5, 6.66667], "texture": "#particle"},
				"east": {"uv": [4.25, 5.33333, 7.5, 6.66667], "texture": "#particle"},
				"west": {"uv": [7.5, 5.33333, 4.25, 6.66667], "texture": "#particle"},
				"up": {"uv": [4.25, 5.33333, 7.5, 5.66667], "rotation": 270, "texture": "#particle"},
				"down": {"uv": [4.25, 6.66667, 7.5, 8], "rotation": 90, "texture": "#particle"}
			}
		},
		{
			"from": [8.25, 11.5, 17.5],
			"to": [10.75, 14, 17.5],
			"rotation": {"angle": 45, "axis": "z", "origin": [8.25, 13.5, 15.5]},
			"faces": {
				"north": {"uv": [14.75, 1.66667, 13.5, 0], "rotation": 180, "texture": "#particle"},
				"east": {"uv": [0, 0, 0, 2.5], "texture": "#particle"},
				"south": {"uv": [13.5, 1.66667, 14.75, 0], "rotation": 180, "texture": "#particle"},
				"west": {"uv": [0, 0, 0, 2.5], "texture": "#particle"},
				"up": {"uv": [0, 0, 3, 0], "texture": "#particle"},
				"down": {"uv": [0, 0, 3, 0], "texture": "#particle"}
			}
		},
		{
			"from": [7.75, 9, 15.5],
			"to": [7.75, 10.5, 18],
			"rotation": {"angle": 0, "axis": "x", "origin": [9.25, 9, 20]},
			"faces": {
				"north": {"uv": [0, 0, 0, 2], "texture": "#particle"},
				"east": {"uv": [13.5, 1.66667, 14.75, 2.66667], "texture": "#particle"},
				"south": {"uv": [0, 0, 0, 2], "texture": "#particle"},
				"west": {"uv": [14.75, 1.66667, 13.5, 2.66667], "texture": "#particle"},
				"up": {"uv": [0, 0, 0, 6], "texture": "#particle"},
				"down": {"uv": [0, 0, 0, 6], "texture": "#particle"}
			}
		},
		{
			"from": [7.75, 11.5, -11.5],
			"to": [7.75, 13, -3.5],
			"rotation": {"angle": 0, "axis": "z", "origin": [7.75, 11.5, -1.5]},
			"faces": {
				"north": {"uv": [0, 0, 0, 3], "texture": "#particle"},
				"east": {"uv": [8.75, 0.66667, 12.75, 1.66667], "texture": "#particle"},
				"south": {"uv": [0, 0, 0, 3], "texture": "#particle"},
				"west": {"uv": [12.75, 0.66667, 8.75, 1.66667], "texture": "#particle"},
				"up": {"uv": [0, 0, 0, 2], "texture": "#particle"},
				"down": {"uv": [0, 0, 0, 2], "texture": "#particle"}
			}
		},
		{
			"from": [7.75, 14, -11],
			"to": [7.75, 15, -9.5],
			"rotation": {"angle": 0, "axis": "x", "origin": [9.25, 12, 2]},
			"faces": {
				"north": {"uv": [0, 0, 0, 3], "texture": "#particle"},
				"east": {"uv": [12.75, 0, 13.5, 0.66667], "texture": "#particle"},
				"south": {"uv": [0, 0, 0, 3], "texture": "#particle"},
				"west": {"uv": [13.5, 0, 12.75, 0.66667], "texture": "#particle"},
				"up": {"uv": [0, 0, 0, 2], "texture": "#particle"},
				"down": {"uv": [0, 0, 0, 2], "texture": "#particle"}
			}
		},
		{
			"from": [7.25, 13, 3.5],
			"to": [8.25, 14, 19],
			"rotation": {"angle": 0, "axis": "x", "origin": [8.75, 13, 18.5]},
			"faces": {
				"east": {"uv": [7.75, 1.33333, 0, 2], "texture": "#particle"},
				"south": {"uv": [7.25, 0.66667, 7.75, 1.33334], "texture": "#particle"},
				"west": {"uv": [0, 1.33333, 7.75, 2], "texture": "#particle"},
				"up": {"uv": [0, 3.33333, 7.75, 4], "rotation": 90, "texture": "#particle"},
				"down": {"uv": [0, 1.66667, 7.75, 2], "texture": "#particle"}
			}
		},
		{
			"from": [6.75, 11.5, -3.5],
			"to": [8.75, 14, 3.5],
			"rotation": {"angle": 0, "axis": "x", "origin": [8.25, 11.5, 16.5]},
			"faces": {
				"north": {"uv": [11, 5.33333, 12, 7], "texture": "#particle"},
				"east": {"uv": [7.5, 5.33333, 11, 7], "texture": "#particle"},
				"south": {"uv": [7.5, 5.33333, 7.75, 7], "texture": "#particle"},
				"west": {"uv": [11, 5.33333, 7.5, 7], "texture": "#particle"},
				"up": {"uv": [7.5, 7, 11, 8.33333], "rotation": 270, "texture": "#particle"},
				"down": {"uv": [7.5, 8.33333, 11, 9.66667], "rotation": 90, "texture": "#particle"}
			}
		}
	],
	"display": {
		"thirdperson_righthand": {
			"rotation": [1.5, 0, 10],
			"translation": [0.25, -2, -7.5],
			"scale": [0.8, 0.8, 0.8]
		},
		"thirdperson_lefthand": {
			"rotation": [1.5, 0, 10],
			"translation": [0.25, -2, -7.5],
			"scale": [0.8, 0.8, 0.8]
		},
		"firstperson_righthand": {
			"rotation": [2.5, -0.5, 2],
			"translation": [0, -1.5, -7.25]
		},
		"firstperson_lefthand": {
			"rotation": [2.5, -0.5, 2],
			"translation": [0, -1.5, -7.25]
		},
		"ground": {
			"rotation": [0, 0, 90],
			"translation": [3.75, -1.75, -2.5],
			"scale": [0.8, 0.8, 0.8]
		},
		"gui": {
			"rotation": [-45, 145, 30],
			"translation": [-1.75, -0.75, 0],
			"scale": [0.51, 0.51, 0.51]
		},
		"head": {
			"rotation": [90, 20, 90],
			"translation": [2, -1.25, 7.25]
		},
		"fixed": {
			"rotation": [0, 90, 0],
			"translation": [-1.5, -4.5, -1]
		}
	}
}